{
    "condition": "any_of",
    "terms": [
        {
            "condition": "entity_properties",
            "entity": "this",
            "predicate": {
                "equipment": {
                    "mainhand": {
                        "predicates": {
                            "custom_data": {
                                "cobalt": {
                                    "onHold": {}
                                }
                            }
                        }
                    }
                }
            }
        },
        {
            "condition": "entity_properties",
            "entity": "this",
            "predicate": {
                "equipment": {
                    "offhand": {
                        "predicates": {
                            "custom_data": {
                                "cobalt": {
                                    "onHold": {}
                                }
                            }
                        }
                    }
                }
            }
        },
        {
            "condition": "entity_properties",
            "entity": "this",
            "predicate": {
                "equipment": {
                    "head": {
                        "predicates": {
                            "custom_data": {
                                "cobalt": {
                                    "onHold": {}
                                }
                            }
                        }
                    }
                }
            }
        },
        {
            "condition": "entity_properties",
            "entity": "this",
            "predicate": {
                "equipment": {
                    "chest": {
                        "predicates": {
                            "custom_data": {
                                "cobalt": {
                                    "onHold": {}
                                }
                            }
                        }
                    }
                }
            }
        },
        {
            "condition": "entity_properties",
            "entity": "this",
            "predicate": {
                "equipment": {
                    "legs": {
                        "predicates": {
                            "custom_data": {
                                "cobalt": {
                                    "onHold": {}
                                }
                            }
                        }
                    }
                }
            }
        },
        {
            "condition": "entity_properties",
            "entity": "this",
            "predicate": {
                "equipment": {
                    "feet": {
                        "predicates": {
                            "custom_data": {
                                "cobalt": {
                                    "onHold": {}
                                }
                            }
                        }
                    }
                }
            }
        }
    ]
}